WhiteMatter	GlobalSignal	stdDVARS	non-stdDVARS	vx-wisestdDVARS	FramewiseDisplacement	tCompCor00	tCompCor01	tCompCor02	tCompCor03	tCompCor04	tCompCor05	aCompCor00	aCompCor01	aCompCor02	aCompCor03	aCompCor04	aCompCor05	Cosine00	Cosine01	X	Y	Z	RotX	RotY	RotZ
-0.22714757919311526	1.8272604942321775	n/a	n/a	n/a	n/a	-0.08927353310000001	-0.084662035	0.0270626621	-0.0044322486	0.0411377727	-0.0741831483	-0.0960537957	-0.0790956686	0.059941004299999996	-0.045279167	0.0333848968	-0.0103051682	0.111798011	0.11178184769999999	0.0203571	-0.0234229	-0.008243159999999998	0.00152932	0.00019996	-0.0008667809999999998
1.0019947290420532	1.5530619621276855	1.07036042	38.40236282	0.93550014	0.09297418	0.0196191185	-0.0341446429	-0.037025593100000004	-0.1034216213	0.1695313758	0.0015818229999999998	0.0152475631	-0.051023175700000006	0.0370533985	-0.1023326947	0.10347238140000001	-0.0860167072	0.1117549107	0.11160948820000001	0.0238876	-0.0400861	0.0522769	0.00140834	9.10756e-05	-0.000882125
-0.38455501198768616	-0.1308961808681488	1.057266	37.93255997	0.95841712	0.07839038000000001	0.009651077	-0.017310102	0.0626873661	0.0795932654	0.1239827053	0.1073163291	0.026879916299999997	-0.015874316	0.0390112696	0.0419742027	0.045170912300000005	-0.22998037600000001	0.11166872679999999	0.111265035	0.0255656	-0.0114415	0.038166	0.00104456	-6.911119999999999e-23	-0.000657843
-0.7134876251220703	-0.8537641763687134	1.05396211	37.81402206	0.95174122	0.035016565000000006	0.0186701287	0.0894264897	0.027277931000000002	0.037589608	-0.1260254364	-0.07854770230000001	0.0124108348	0.08464921800000001	-0.0112582151	0.06334644190000001	-0.0956537767	0.09282756210000001	0.1115394925	0.1107490191	0.0230059	-0.0234366	0.0381931	0.0013939200000000003	5.93333e-05	-0.000657843
-0.2585151791572571	0.03753403574228287	1.11107183	39.86300278	0.97874272	0.06631055500000001	-0.1549159409	0.0123968543	-0.0964765684	-0.0013183157999999999	0.09233473539999999	-0.011591909499999999	-0.1607720525	0.034658020899999996	-0.041268130699999996	-0.0823735395	0.08196070679999999	-0.0174749859	0.1113672575	0.1100622363	0.0233775	-0.00461878	0.0115169	0.00119633	0.00015533499999999996	-0.00077315
-0.4168545007705689	1.1060478687286377	1.20520318	43.24024582	0.99815625	0.05820942	0.055372763	-0.08343723730000001	0.0813919486	-0.0144169413	0.0561209687	-0.07934132719999999	0.0534362802	-0.1039095204	0.0869550544	-0.0809685082	-0.0347536658	-0.010444537700000001	0.1111520884	0.10920574539999998	0.0190433	-0.0234419	0.0210384	0.0014363	-0.0	-0.000657843
-0.5224289298057556	0.6884166598320007	1.144835	41.07435608	0.96980447	0.06827369999999999	-0.0005883406	0.12393359050000001	0.0545553888	-0.0403448219	0.012155498899999999	-0.0124166637	-0.0061818433999999995	0.1259450868	0.0653757667	0.014951372	0.008178539399999999	-0.0162223403	0.11089406800000001	0.10818086730000001	0.0204092	-0.00805142	-0.00999009	0.00111355	8.70256e-05	-0.000657844
-0.09354904294013976	-0.4607208967208862	1.08241725	38.83493423	0.96735549	0.0744389	-0.0083632971	-0.0490579845	0.0604678492	0.0294586202	0.0139676817	0.0909449764	-0.0161244301	-0.0554616116	-0.0039636796000000005	0.0504353717	-0.0097535583	-0.0313418008	0.1105932959	0.10698918210000001	0.0144199	-0.0234737	0.0273723	0.000887277	-0.0	-0.000657844
0.07504644989967346	-2.1809034347534184	1.08930361	39.08200455	0.98160952	0.05312351	-0.0360996243	0.0857206718	0.046633622400000005	0.082167937	-0.11825445130000001	0.036511197	-0.032161115899999995	0.0774027073	-0.014529713100000001	0.1364276358	-0.1106766302	-0.0078792185	0.1102498879	0.1056325273	0.0177971	-0.00302098	0.00265601	0.000897938	-0.0	-0.000576959
-0.2294720858335495	-1.8894281387329104	1.12614024	40.4036293	0.99190837	0.062435720000000014	0.0146314023	-0.1288346268	-0.1662645207	-0.012024829499999999	-0.10875703490000001	-0.0412175452	-0.0016660887	-0.1195526814	-0.1493103059	-0.0470647867	0.044390478899999995	0.1576571789	0.1098639765	0.10411299480000001	0.0121167	0.0142914	0.0301182	0.000663791	-1.02073e-23	-0.000582427
-0.06514906883239746	0.13163085281848907	1.16167414	41.67851257	1.00836575	0.06871060000000001	0.1254878882	0.061265168200000004	-0.0676740943	0.0718043843	0.0775833526	-0.11085436580000001	0.12022764130000001	0.07549287610000001	-0.0368609875	-0.1517405981	-0.0782791436	0.020465006799999998	0.1094357105	0.1024329276	0.00866625	-0.0234725	0.0200184	0.0007983079999999999	0.000157666	-0.000526681
0.6703714728355408	1.127451777458191	1.11815119	40.11699677	0.96276522	0.048022639999999985	-0.0355571389	-0.030957832400000003	0.16296478960000002	0.059805606799999994	0.011698915	-0.13079085529999998	-0.043553357599999995	-0.0324439146	0.149395456	-0.0001476302	-0.1118510649	0.0572263828	0.1089652549	0.1005949163	0.0161344	-0.00505871	0.0141577	0.000663791	-0.0	-0.000493264
0.4324422776699066	-0.2615539133548737	1.10526359	39.65461731	0.98513383	0.09755769	0.0603951988	0.0349336696	0.0217946441	-0.1152585931	-0.0546473309	0.0490246069	0.0687895706	0.023250362200000003	0.0288438263	0.09728166	0.0642341245	0.0365789372	0.10845279109999999	0.0986017949	0.0213847	-0.0053894	-0.0301126	0.00130665	5.2457799999999995e-23	-0.000181995
0.3703248798847199	-1.479752779006958	1.07832456	38.68809891	0.96389025	0.10143267	-0.0273158249	-0.0547382286	-0.0865871557	0.012400785	0.0113399798	0.1137536384	-0.0207866762	-0.0348608928	-0.1249958174	0.0175233053	0.11961628310000001	-0.061885126	0.1078985167	0.0964566367	0.014419	0.0209692	-0.00241248	0.000498485	-0.0	-0.000181995
0.1575727015733719	-0.9496605396270752	1.16279995	41.71890259	0.97988904	0.08108974	0.154103981	0.0475201203	-0.0219618331	0.1061404222	-0.091236959	-0.0407198187	0.1563040882	0.0482881642	-0.0848183357	0.0298914838	-0.1351209654	0.0324203968	0.1073026454	0.0941627493	0.00913273	-0.010483	-0.0238356	0.00081112	0.000145928	-0.000181995
0.2883569002151489	0.4832941591739655	1.26957488	45.54977036	1.02967286	0.08784095999999998	-0.110842828	0.1224480775	-0.06886899440000001	-0.0759493103	0.0288523734	-0.0447587156	-0.1312598885	0.1252651492	-0.0137504869	-0.0657457188	0.0767788394	0.0681582362	0.1066654069	0.0917236698	0.0126105	0.00929064	0.00124258	0.000263447	-0.0	-8.53686e-05
0.9038212895393372	0.7453504800796509	1.19041312	42.70960999	1.00324261	0.06870659	0.012854535	-0.0818557469	0.0992591519	0.0756929785	0.0431627404	-0.0139879094	0.0245620644	-0.0962710948	0.07330220030000001	-0.0026658203000000003	-0.1111342676	-0.0803984486	0.1059870468	0.08914315910000001	0.0107199	-0.0139409	-0.029064	0.000263447	0.000168932	-0.000181994
0.0687546581029892	-0.6692900061607361	1.11667395	40.06399536	1.01185846	0.07971922499999999	-0.0249891891	0.044937152800000005	0.0982804359	-0.12283766509999999	-0.1653384659	-0.0577122074	-0.001610874	0.0410073597	0.10061870449999999	0.11562139689999999	0.0859386399	0.1662160045	0.1052678267	0.08642519609999999	-0.00421857	0.007414859999999999	-0.000402305	0.000137113	-0.0	-0.000181994
0.09486357122659683	-2.367988109588623	1.1639837	41.76137543	1.04618323	0.05363509	0.0553316979	-0.0690266185	-0.0524636883	-0.0634794404	-0.10428660029999999	0.1641551813	0.06770594190000001	-0.0665595227	-0.11238145529999999	0.141351067	0.06835561700000001	0.0282645829	0.1045080238	0.0835739716	0.00680498	0.00470713	-0.0236635	0.000371531	-0.0	-8.35597e-05
-0.5527946352958679	-2.1186270713806152	1.21053302	43.43146896	1.04970348	0.06269047999999999	-0.0741545229	0.0837847513	-0.1474411447	0.1614555126	0.0223043896	0.0238648371	-0.0787370179	0.0897781793	-0.2063349493	-0.0330922906	-0.043958744400000006	-0.08237004049999999	0.1037079311	0.0805938822	0.0067938	0.009472800000000003	-0.00518619	-7.56499e-05	0.000160023	9.79628e-05
-0.2382945865392685	0.38058125972747797	1.28702068	46.17569351	1.12689745	0.03304860849999999	0.0124920239	-0.15608929929999998	-0.09513674289999999	-0.012227414399999999	-0.0599155669	-0.1499709152	0.0051667032	-0.1564223322	-0.053788408899999994	-0.1069886297	-0.06434590230000001	0.1485631014	0.10286785710000002	0.0774895228	0.00680198	-0.00576358	-0.00879875	-4.75824e-05	-0.0	2.22353e-06
-0.5161407589912415	2.4610273838043213	1.25580645	45.05578613	1.0834651	0.0536691255	0.091419206	0.0674558839	-0.0158035138	-0.0335639588	0.18454102960000002	-0.1141572585	0.0729483144	0.08235594019999999	0.0847579415	-0.1917419295	0.0413551241	-0.052923371500000004	0.10198812550000001	0.0742656803	0.000651521	-0.0139414	-0.0188316	0.000263447	-0.000171446	-0.000101461
0.2936595678329468	1.364868402481079	1.20901144	43.37687683	1.04540384	0.08302225199999999	-0.0168223506	-0.0323558382	0.25582548260000004	0.0318723682	0.026693434	0.058781821500000005	-0.0050151275	-0.043738929100000004	0.2025227726	0.1292366614	-0.0632771184	-0.0533633609	0.10106907550000001	0.0709273254	-0.000954381	0.0307689	-0.0429387	0.000263447	-0.0	-0.000181994
0.0011649541556835177	-1.0835855007171629	1.19309437	42.80580521	1.05427003	0.08634505399999999	0.0032806977	0.0401767891	0.0416092983	-0.0636379939	-0.1526591263	0.0786164195	0.0234687567	0.023135789	0.0176810679	0.1399274491	-0.0123699229	0.0657955274	0.1001110615	0.0674796057	-0.00977768	-0.00954774	-0.0259694	0.000603501	6.46623e-05	-0.000181994
0.09014007449150084	-2.2284810543060303	1.16175592	41.68144608	1.0179733	0.04815872	0.034006680299999995	-0.0730402762	-0.1187055732	-0.0520493219	-0.07035654179999999	0.15734646189999998	0.042794809100000004	-0.0641767639	-0.1433140208	0.0668523868	0.1554664081	0.0066480557	0.09911445279999999	0.0639278374	-0.00951894	0.0123509	-0.0259267	0.00024402	-0.0	-8.696449999999998e-05
-0.8148118257522583	-1.141107439994812	1.15830147	41.55750656	1.01277184	0.118717835	0.0854471839	0.1241247921	-0.1270095509	0.1229240483	-0.052917949400000004	-0.0384354623	0.07471034780000001	0.13454768220000002	-0.1410133113	-0.0330182504	-0.1308098869	0.0150714614	0.0980796336	0.060277497	-0.0179195	-0.0401339	0.0149279	0.000104538	0.000105046	-0.000181994
-0.43271535634994507	1.0094070434570312	1.20337939	43.17481232	1.01444781	0.110934605	-0.1568868874	0.00033874160000000003	-0.037551702400000005	-0.028298256600000002	0.0443088203	-0.06950062900000001	-0.1659459927	-0.0003174806	0.014476066200000002	-0.0880548851	0.021997225800000002	0.0617437724	0.09700700279999999	0.056534213	-0.0156941	0.0246716	-0.0253254	4.58289e-05	0.000119345	-0.000181994
-0.19286131858825686	1.387338638305664	1.12315273	40.29644394	0.96517158	0.101465955	0.012236149299999999	0.0041059533	0.06071697	0.033081088700000004	0.1541653711	0.0755259119	0.0103191186	-0.0219655129	0.0748994832	-0.0312084407	-0.0396495452	-0.15588620279999998	0.0958969739	0.0527037574	-0.0265535	-0.030625	-0.0143373	0.000462401	0.00018921	-0.000181994
-0.5452924370765686	-0.8276253342628479	1.09271193	39.20428848	0.98933262	0.123882295	-0.0421132321	-0.07145381469999999	0.11823110839999999	0.0790848846	-0.0395653712	0.1619508607	-0.035683361499999997	-0.0772873663	0.0397873226	0.17398406489999999	-0.038770621899999996	-0.10011627349999999	0.094749975	0.048792036399999995	-0.0270304	0.0366346	-0.0320168	-3.64983e-05	7.34654e-05	-0.000336676
-0.9965394735336304	-1.8715382814407349	1.11168265	39.88491821	0.97755688	0.122353695	0.10368325699999999	0.0156295195	-0.0837747516	0.045829369800000005	-0.13835024699999998	0.0571345156	0.1097595911	0.0171081467	-0.1205200387	0.0683067441	-0.0397279404	0.0520981737	0.0935664481	0.044805081600000005	-0.0270262	-0.0398916	-0.0126714	0.000301652	0.000189276	-0.000261079
-0.954591989517212	-0.5681306719779968	1.12821364	40.4780159	0.98143268	0.09138488	-0.10926852320000001	0.0804501322	-0.1213425467	-0.0107931304	0.024964604300000002	-0.0144187631	-0.1281712658	0.086045279	-0.08533409800000001	-0.0706055725	0.0231362332	0.04529347139999999	0.0923468496	0.040749040699999996	-0.0223009	0.0187019	-0.0236207	7.04074e-05	0.00015727	-0.000181994
-0.5529642701148987	1.2792222499847412	1.13600039	40.75738907	0.99317408	0.067259505	-0.0061124883	-0.1036123742	0.043254566900000006	0.0575875393	0.0386409252	-0.1304909106	-0.0067641859	-0.10748187449999999	0.0559833203	-0.1025462767	-0.12050597380000001	-0.0038282307	0.0910916496	0.0366301676	-0.0270247	-0.0254551	-0.0357249	0.000126466	8.78385e-05	-0.000181994
-0.7106932401657104	0.9183232188224792	1.08053112	38.76726532	0.95978409	0.07141883	-0.0125749492	0.0494859288	0.1340772404	-0.2187563553	-0.0938803959	-0.08781999160000001	0.009816121	0.045071153499999995	0.1762394787	0.0204033702	0.1177762733	0.15424330960000002	0.089801332	0.0324548136	-0.0211127	0.0216065	-0.0315955	5.8711e-05	-0.0	-5.12709e-05
-0.4657122492790222	-0.8552650213241577	1.09247959	39.19595337	0.97244006	0.100348715	0.0161086104	-0.0433896579	-0.0630087033	-0.08227184280000001	0.021181196200000002	0.1572075419	0.0120682503	-0.0375172413	-0.049201532400000005	0.024486948300000002	0.09751688439999999	-0.0297635916	0.0884763943	0.0282294165	-0.0270295	-0.0421408	-0.007511249999999999	5.74268e-05	-0.0	-0.000181994
-0.033628005534410484	-1.723427176475525	1.11183643	39.89043808	0.96071136	0.09032325	-0.0482171016	0.0215573994	-0.0449737443	0.20669489929999998	-0.0174989149	0.0728468451	-0.0470304844	0.0144454345	-0.1283183983	0.0411310361	-0.0749267763	-0.096305621	0.08711734730000001	0.0239604917	-0.0270217	0.0145364	-0.0265795	-1.78906e-05	0.00012149400000000003	-8.740539999999998e-05
0.5106388926506042	-0.22464606165885925	1.14222789	40.9808197	0.99819988	0.08127140499999999	0.0129657479	-0.1540769167	-0.1284802753	-0.003841647	-0.0693486837	-0.112295645	0.0196486863	-0.1434393588	-0.0833379332	-0.10383418890000001	-0.0498578701	0.1158702942	0.0857247149	0.019654621599999998	-0.0236775	-0.0267302	0.00189436	-1.78906e-05	-0.0	-4.51645e-05
0.033451877534389496	1.3298296928405762	1.20801711	43.3412056	1.01099718	0.097974865	0.1485382595	0.1018969998	0.0406113985	0.018581323400000002	0.077726455	-0.1171475881	0.1278090963	0.10723207470000001	0.0761231299	-0.0800481871	-0.0356439017	0.023248459500000002	0.08429903400000001	0.0153184455	-0.0183698	0.0220224	-0.038576	-1.78906e-05	-0.0	2.37196e-05
0.6334133148193359	1.6732152700424194	1.22135973	43.81990814	1.00878751	0.1533523	-0.1011217312	0.0460678178	0.0484603068	-0.1476777345	-0.0630793584	-0.0989677998	-0.11469126199999999	0.0396627595	0.1133347793	0.0018389567000000001	0.0270448265	0.1005841398	0.0828408542	0.0109586494	-0.0354922	-0.0557413	-0.00676526	0.000309505	-0.0	-0.000181994
0.3248359560966492	0.2508843839168549	1.14756799	41.17241287	0.99488854	0.14531416000000003	0.0777439187	-0.0339256347	0.0509455294	-0.0846628013	0.0945150229	0.1079894198	0.07364731599999999	-0.0117114145	0.053003471100000005	0.0589401254	0.1522377945	-0.1094678548	0.0813507377	0.0065819558999999995	-0.0224441	0.0264975	-0.0350964	-1.78906e-05	-0.0	-7.54672e-05
0.4169849157333374	-0.9743029475212096	1.08809471	39.03863144	0.96717453	0.10629533	-0.0536272304	0.0522844289	0.0131653581	0.0265237313	-0.12519977599999998	0.0118066496	-0.050988985300000005	0.0460810367	-0.036517255400000004	0.1108259058	-0.0178808997	0.0384325868	0.07982925889999999	0.0021951135	-0.027039	-0.0417238	-0.00449386	-1.78906e-05	-0.0	-1.79354e-05
0.26606133580207825	-1.4868133068084717	1.04900861	37.63630295	0.95165503	0.10500371	0.0868837422	-0.0435053672	-0.07569941200000001	-0.0934393889	-0.0641083433	0.046249078799999996	0.0865497165	-0.0391078148	-0.0656687002	0.0349184408	0.12454842990000001	0.0728361507	0.0782770044	-0.0021951135	-0.0230176	0.0331221	-0.0238801	4.11746e-05	-5.07936e-05	-4.308e-05
-0.6340077519416809	-0.24657708406448364	1.15860105	41.56825638	1.01781785	0.13133069000000003	-0.034668216	0.1372894053	-0.0844779957	0.038556821	0.0069352579	-0.048870856	-0.044858940099999994	0.1402981493	-0.0696570087	-0.05062031610000001	-0.0522798866	0.0056404098	0.07669457269999999	-0.0065819558999999995	-0.0270333	-0.0643875	-0.00763821	0.000198652	-3.30872e-24	-0.000106079
-0.8682137727737427	1.5344001054763794	1.2254653	43.96720886	1.03350544	0.18598079	-0.1174441982	-0.1139490968	0.05292089639999999	-0.0328201695	0.1014367833	-0.1201938201	-0.1252621714	-0.1116508119	0.0929537363	-0.110233342	-0.0053760865	-0.005408799200000001	0.0750825737	-0.0109586494	-0.0207083	0.040275	-0.0300715	-0.000340833	-0.000214039	0.000191597
-0.27871984243392944	1.3108912706375122	1.18612969	42.55592728	1.00453734	0.11737699	0.0911528742	-0.0262915175	0.0724222757	-0.0156100645	0.11851301560000001	0.0088370123	0.08928380009999999	-0.0183679373	0.0828200855	-0.052574631600000005	0.0148048884	-0.0897663354	0.07344162900000001	-0.0153184455	-0.0270267	-0.0313128	-0.0275612	-8.6523e-05	-0.0	-7.92638e-05
-0.1233995035290718	0.24192334711551666	1.14490616	41.07691193	1.0027144	0.096192535	-0.0791186061	0.0384720588	0.1571810378	0.0342765904	0.0039166674	0.0757703274	-0.0733348461	0.026637833599999997	0.1068432607	0.09753579859999999	-0.020130715100000002	-0.0744636307	0.07177237110000001	-0.019654621599999998	-0.0224553	0.0324185	-0.0395633	-0.000146287	-8.728839999999998e-05	9.14385e-05
0.4490045607089996	-0.9523497223854064	1.17833352	42.2762146	1.04352999	0.092707197	0.049137859400000004	-0.1121440428	-0.021881738300000002	-0.0114536943	-0.092474955	0.09381447109999999	0.0473709262	-0.1174152222	-0.0588888583	0.07784876290000001	-0.0157916131	0.045858965700000004	0.07007544360000001	-0.0239604917	-0.0270348	-0.0302057	-0.0275303	6.02294e-06	-0.000145883	3.29331e-05
0.2406164109706879	-0.8059550523757935	1.17236257	42.06198883	1.0174408	0.080877642	0.0939696926	0.13807654490000001	-0.034118554599999996	0.0765710861	-0.0210695142	-0.019601026299999998	0.09138085789999999	0.14693014769999999	-0.0577400478	-0.0072725725	-0.07190451469999999	-0.0163496936	0.0683515007	-0.0282294165	-0.0214849	0.023803	-0.0275355	-0.000146287	-0.0	0.000161017
-0.0595381036400795	0.270188182592392	1.20275426	43.1523819	1.03843963	0.07755253	-0.1507133696	0.0263752621	-0.0909628324	-0.044981557699999994	0.0066140498	-0.017234663	-0.1606551592	0.0226220416	-0.048829407000000005	-0.0196798804	0.05646708860000001	0.0366853057	0.0666012069	-0.0324548136	-0.027032	-0.0167928	-0.0222571	-0.000397326	7.253559999999998e-05	0.000360067
-0.14930443465709686	1.1868159770965576	1.17259288	42.07025528	1.03588498	0.05567233000000001	0.012591266799999999	-0.1163069265	0.0399655597	0.047855728	0.0667458428	-0.07613986240000001	0.021867274199999998	-0.10519426119999999	0.0393381731	-0.0812892496	-0.0739750445	-0.0540469187	0.0648252372	-0.0366301676	-0.0270447	0.0144624	-0.0275133	-0.000557363	-0.000150392	0.000360067
0.07901394367218018	0.6095168590545654	1.13642025	40.77245331	1.01966286	0.05014655	0.0418935673	0.0700933757	0.0399451727	-0.160062889	-0.041537425600000004	-0.00028714939999999997	0.0572531774	0.0767086692	0.08597180609999999	0.0185260997	0.1373321992	0.100324895	0.0630242761	-0.040749040699999996	-0.0231338	0.0205858	-0.0467061	-0.000300459	-0.000240934	0.00043101
0.2869160771369934	-0.22312290966510773	1.15054047	41.27906036	1.02647698	0.05490165	-0.098568048	-0.054501244500000004	0.001890079	0.060488330800000004	0.040328476099999996	0.07241578679999999	-0.07425959019999999	-0.0564548145	-0.0176692889	0.018637245	-0.0382456106	-0.10306930630000001	0.0611990179	-0.044805081600000005	-0.0133937	0.0206	-0.0325454	-0.000578486	-0.000304398	0.000709252
-0.3367858231067657	-0.3789438009262085	1.21440339	43.57033157	1.01012516	0.03063798	0.1468232232	-0.0631238028	-0.0365569911	-0.035779641200000004	-0.0662651556	-0.0390805948	0.1465750163	-0.0654064347	-0.0390425992	-0.012759598999999998	0.030051946099999997	0.1122837436	0.059350166399999994	-0.048792036399999995	-0.0129276	0.00830472	-0.0251614	-0.000564588	-0.00040849	0.00061739
0.3131939470767975	0.5042977929115295	1.21510339	43.59544373	1.01387358	0.01883904	-0.018138821	0.1532205062	-0.0715521109	-0.0187693386	0.07942178280000001	0.0124742849	-0.005578603499999999	0.1360924231	-0.026278811699999998	-0.0677600583	-0.001949628	-0.0801958035	0.0574784342	-0.0527037574	-0.0156767	0.00889386	-0.0203428	-0.000671209	-0.000428252	0.000704651
0.5738304257392883	1.3095974922180176	1.11532044	40.01543427	0.960953	0.04236768999999999	-0.07538606490000001	-0.0785399275	0.0385907393	0.021375585	0.0486591861	-0.0612678192	-0.0668857772	-0.0724226532	0.0352651924	-0.0387521543	-0.0227912977	-0.0370782004	0.055584543	-0.056534213	-0.0150152	0.0206049	-0.0390336	-0.000619232	-0.000345824	0.000796333
0.04644203931093216	0.5457748770713806	1.06379426	38.16677856	0.94447911	0.061315355	0.0154798149	0.052505002099999996	0.0093074177	-0.18823639	0.018664417	0.0611049154	0.0336100429	0.051717287800000004	0.0597502175	0.0089087924	0.1558267555	-0.039647605	0.0536692229	-0.060277497	-0.0292347	0.0205884	-0.0274999	-0.000382568	-8.37139e-05	0.000584194
-0.3418472409248352	-1.0028988122940063	1.0707289	38.41558075	0.95487195	0.053466155	-0.012880583400000001	-0.0995799425	-0.0763107393	0.0237521884	0.07332310780000001	0.1341074094	0.0047472286	-0.0678088163	-0.1148110298	0.0254224572	0.1263698003	-0.1648429629	0.051733212199999996	-0.0639278374	-0.0189235	0.00604075	-0.0391092	-0.000544682	-0.000134016	0.00045665
-0.02243389189243317	-0.5277687907218933	1.12792194	40.46755219	0.96996051	0.0634291	0.1228225102	0.0604546475	-0.0732152968	0.0526137969	-0.058633935	-0.0072808166	0.1127461438	0.0601106975	-0.0973217017	-0.0320566425	-0.0623994929	0.0239905298	0.0497772575	-0.0674796057	-0.0277164	0.013066	-0.0074292	-0.000671209	-0.000279863	0.000502895
-0.05333181843161583	1.0135843753814695	1.14820135	41.19513702	0.9894824	0.04507889999999999	-0.1102132623	0.10163914619999999	-0.0920494249	-0.0479591901	0.0833008464	-0.0364964614	-0.1159115491	0.11288281970000001	-0.017640699	-0.1124964802	0.0487943721	-0.0181940737	0.047802112699999996	-0.0709273254	-0.0245643	0.0205865	-0.0300771	-0.000619553	-0.000240241	0.000359005
0.2079455554485321	1.8567564487457275	1.12575889	40.38994598	0.97514415	0.06106905	0.0031180727	-0.0384384756	0.0886946369	0.0470987282	0.1660003948	0.0257073377	-0.0112167557	-0.056026852	0.1035374035	-0.0752750526	-0.0241166643	-0.1252387858	0.0458085392	-0.0742656803	-0.013562500000000003	0.0022499	-0.0143299	-0.000671209	-0.000457282	0.000409977
0.487075686454773	-0.032066188752651215	1.09158456	39.16384125	0.98723555	0.04723678000000001	-0.0532108459	0.0319176455	0.1173106125	0.035602164	-0.0554412693	0.008572772099999999	-0.0471942871	0.0147155646	0.10795413720000001	0.10609169310000001	-0.1064498295	0.0035181222	0.043797305700000004	-0.0774895228	-0.00559492	0.0050479	-0.0378821	-0.000587065	-0.00052992	0.000511575
0.2951975464820862	-1.1233118772506714	1.06283128	38.13222885	0.96422249	0.07629603	0.0774231171	-0.029573367000000003	-0.0786759435	-0.1127157494	-0.0214941684	0.0614640251	0.0666145776	-0.0215862846	-0.0421544482	-0.024125558	0.11958529009999999	0.06358420070000001	0.0417691875	-0.0805938822	-0.0107473	0.020595	-0.00136185	-0.0007791989999999998	-0.000645745	0.000438008
0.2625906467437744	-0.6171149611473083	1.10679603	39.70959854	0.97583044	0.05292228	-0.0290629095	0.1424629906	-0.0832140844	0.0628112628	0.0398100988	0.003052695	-0.0338474982	0.13763593	-0.0692749629	-0.058320601799999996	-0.05167196	-0.0599417743	0.0397249664	-0.0835739716	-0.0127311	-0.00143248	-0.0145462	-0.0008256389999999998	-0.000457282	0.000517638
-0.05596598237752914	1.7626476287841797	1.17182672	42.04276657	1.025635	0.08350625	-0.139596644	-0.0792621917	-0.0345014775	-0.041091966	0.08333056400000001	-0.1449943556	-0.1616862372	-0.07753251580000001	0.059626842400000005	-0.1253289371	0.0111506891	0.0538667019	0.037665430699999995	-0.08642519609999999	-0.00198713	0.0280508	-0.0207578	-0.00119074	-0.000718862	0.000632305
0.6738477349281311	2.2072906494140625	1.15565217	41.46245575	0.99425864	0.07601594	0.0715391707	-0.049145311500000004	0.10633046619999999	0.0090448104	0.1540478851	0.0090549059	0.07938398769999999	-0.0786574649	0.1259668769	-0.0750650947	-0.0393905257	-0.1321038983	0.0355913742	-0.08914315910000001	-0.00166134	-0.0126394	-0.0335113	-0.0007920009999999998	-0.000678104	0.000626873
-0.10009215772151947	0.8982714414596558	1.10460472	39.63097763	0.99093586	0.08710001	-0.0534194712	0.030420220499999998	0.1786125947	0.0295150736	-0.0214772135	0.0624673124	-0.038150179	0.0228285304	0.1383299346	0.1306303063	-0.0286920435	-0.0271613857	0.033503596499999996	-0.0917236698	-0.012725	0.0342425	-0.0369391	-0.0009162520000000002	-0.000457282	0.000796333
0.5703038573265076	-0.5173761248588562	1.17186677	42.0442009	1.03969526	0.06018559	0.0370019765	-0.1476834649	-0.012153164199999998	-0.0095087557	-0.1039377668	0.0922145874	0.0419354923	-0.1555245126	-0.044287852	0.1129958202	-0.0077274456000000005	0.0140428521	0.0314029026	-0.0941627493	-0.00678516	0.00522235	-0.03798	-0.000804751	-0.000719622	0.00068648
0.6069108247756958	-0.09620116651058196	1.24077439	44.51646805	1.03922307	0.08041004	0.1320082347	0.10152761630000001	-0.0202457979	0.0858401622	0.0323680193	-0.0469262512	0.12743702099999998	0.12539211849999998	-0.013322099099999998	-0.0514151678	-0.0478362462	-0.0313155209	0.0292901022	-0.0964566367	-0.00368258	0.0248027	-0.00176434	-0.0009162520000000002	-0.000457282	0.000742868
0.575463593006134	-0.19483213126659396	1.20983136	43.40629578	1.05740762	0.09616248	-0.0699438101	-0.0351406993	0.11586364390000001	0.054700748	-0.0474823031	0.0486917803	-0.0579764984	-0.032774168900000004	0.07120691559999999	0.1160207248	-0.0743511315	-0.0103241548	0.02716601	-0.0986017949	0.00554444	0.00469745	-0.0286682	-0.000696735	-0.0008556809999999998	0.000923479
0.3559670150279999	-1.022985816001892	1.16346729	41.74284744	1.03490782	0.054276919999999985	0.1038135396	0.0381231844	-0.0098407676	0.017481905500000002	-0.0509242742	0.0268303159	0.11315003050000001	0.042110460700000005	-0.017174279	0.0452882286	-0.021050125099999997	0.016519893799999998	0.025031444700000002	-0.1005949163	0.00426002	0.006015	-0.0175106	-0.0009162520000000002	-0.000457282	0.00111591
-0.5811504125595093	-0.4898113310337066	1.25979102	45.19874573	1.04672408	0.02924678	-0.1592613318	0.044498918	-0.1150406051	-0.026770069700000003	0.0575294644	0.07483652519999999	-0.1598730546	0.0441625946	-0.098658205	-0.012760981599999999	0.1107304376	-0.0008980375	0.0228872294	-0.1024329276	0.008755179999999998	0.00955362	-0.0307116	-0.0009162520000000002	-0.000552722	0.00118071
-0.548083484172821	1.293576717376709	1.26541793	45.40062714	1.07493722	0.090111112	0.0178185369	-0.1113802765	0.022057533100000002	0.12292638289999999	0.0430075654	-0.1560504936	0.011960031999999999	-0.1089483883	0.025082184900000002	-0.1236361566	-0.1895354004	-0.0148449531	0.0207341905	-0.10411299480000001	0.0130638	-0.010735	-0.000585978	-0.00119501	-0.000793589	0.00136885
-0.4372882843017578	1.2034907341003418	1.17771518	42.25403214	1.00749183	0.107285122	-0.029492680299999997	0.0471312903	0.10538968160000001	-0.21911961440000002	-0.0297377448	0.0063877228000000005	-0.007000489499999999	0.034180849	0.1597711586	0.0304055011	0.17789859510000003	0.09245336650000001	0.0185731583	-0.1056325273	0.0183885	0.0403132	-0.0422501	-0.00107845	-0.000808481	0.00131534
0.6773216128349304	-0.4221482872962952	1.10621488	39.68874741	0.98308384	0.11808092	0.013558974	-0.0544142046	-0.0089793903	0.0555228079	0.05936652110000001	0.10708973960000001	0.014364614	-0.0471362216	-0.052746845199999996	0.0483470011	-0.0028769257	-0.0866211583	0.0164049658	-0.10698918210000001	0.0122946	-0.016142	-0.00781273	-0.00111222	-0.000457282	0.00127842
0.6528934240341187	-1.1519438028335571	1.05308509	37.78255844	0.96035117	0.10331666999999999	-0.054814602000000004	0.0195703551	0.0336724276	0.12426012289999999	-0.0575754304	0.1143221075	-0.0497318088	0.0108265313	-0.0506177908	0.1425046687	-0.0724111305	-0.07021042799999999	0.014230448799999998	-0.10818086730000001	0.021242	0.0329033	-0.0374343	-0.00106369	-0.00071056	0.00129066
0.4061751663684845	-0.4231211543083191	1.13148034	40.59521866	0.99579811	0.09115024	0.0595464416	-0.1503394867	-0.1009540218	0.0427025438	-0.0643382375	-0.0278246705	0.0604497846	-0.13744798630000002	-0.0979194378	-0.021993880499999997	-0.0730544986	0.0583106554	0.0120504457	-0.10920574539999998	0.0149627	0.00567434	-0.00296662	-0.00119566	-0.0009379360000000002	0.00118652
0.30557510256767273	1.729560136795044	1.16508245	41.80079651	1.01079488	0.052315609999999985	0.1062607369	0.059463963099999996	0.009037373199999999	-0.0086976534	0.11898957310000001	-0.0761702291	0.09491656220000001	0.07884386809999999	0.0588042062	-0.12434296140000001	0.0250086537	-0.0110736154	0.0098657969	-0.1100622363	0.0122669	0.0464348	-0.00294247	-0.00120874	-0.00102703	0.00111199
0.8034247159957886	1.6097805500030518	1.11666226	40.06357574	0.96926838	0.08875027999999999	0.0035927548	-0.0374454029	0.2124417123	0.1199397439	0.0168340542	-0.0505435586	0.0050567584	-0.0392099519	0.1691994583	0.06247489639999999	-0.18202230649999998	-0.0352830087	0.0076773447	-0.1107490191	0.0122794	-0.0217702	-0.00293574	-0.00116771	-0.000867625	0.000901904
0.3173571228981018	-0.3916824758052826	1.12965357	40.52967834	1.00198293	0.05837999999999999	-0.00012785069999999999	0.0588483729	0.09393210369999999	-0.1339955384	-0.1295289867	0.0692948151	0.0219877685	0.0476700132	0.0947092142	0.1594062492	0.0963830088	0.10855646960000001	0.0054859328	-0.111265035	0.0122691	0.0209302	-0.00293559	-0.00113095	-0.000861268	0.00117217
0.22691939771175385	-1.4109982252120972	1.14977896	41.25173569	1.00109649	0.07526546	0.0176334506	-0.0977398442	-0.0804062585	0.0223883519	-0.0758698587	0.058639641299999996	0.0204041944	-0.1032222659	-0.12282576099999999	0.0409139002	-0.0011225491999999999	0.032669123	0.0032924059000000003	-0.11160948820000001	0.0122735	-0.00453877	0.0220804	-0.00126403	-0.00102703	0.00136885
0.3387826979160309	-0.06602570414543152	1.14077628	40.92873764	0.97778982	0.06385009000000001	0.11796189509999999	0.12020199210000002	-0.0371395174	0.0733240458	0.0096321927	-0.0425006254	0.1087615099	0.1241742124	-0.0325145848	-0.0540814425	-0.043838395999999995	0.0086336083	0.0010976097	-0.11178184769999999	0.0145865	0.0208166	0.00920508	-0.00151778	-0.0008806019999999998	0.0013029
-0.07584325224161148	0.8167276382446289	1.15501535	41.43960953	0.97164565	0.045744820000000005	-0.1435640196	0.015002118799999999	-0.0087343755	-0.0320928265	-0.0275170444	-0.0577175675	-0.1417509696	0.0069937964	0.013629666	-0.0155867611	-0.0065878161	0.054827313899999994	-0.0010976097	-0.11178184769999999	0.0153232	-0.0189266	0.0107036	-0.00152409	-0.00088367	0.00136885
-0.16222213208675385	0.4966610968112946	1.11140621	39.875	0.95381337	0.054572373999999986	0.08491424859999999	-0.0365898936	0.0092848207	-0.0011361504	0.0804048042	0.0314700243	0.0859972172	-0.0283717222	-0.0024705579000000003	-0.0153224843	0.051650913799999996	-0.0626396955	-0.0032924059000000003	-0.11160948820000001	0.0007957679999999998	-0.012094400000000003	-0.000555742	-0.00159855	-0.000766962	0.00112095
0.9631299376487732	-0.4538985788822174	1.09261084	39.20066071	0.96962106	0.045088799999999984	-0.055221935199999996	0.0362064889	0.0408496416	0.0297498132	-0.1370493022	0.026239832799999998	-0.0493657146	0.026590106800000003	-0.0227137065	0.1223552732	-0.030964870499999998	0.0794393731	-0.0054859328	-0.111265035	-0.00283999	-0.00308215	0.0265565	-0.00161047	-0.000758821	0.00103444
0.5137139558792114	-1.5459072589874268	1.08108342	38.78707886	0.96640658	0.03136357000000001	0.0707583688	-0.061040558200000004	-0.0649483394	-0.0160028555	-0.0212818546	0.0603865061	0.071300953	-0.0504916724	-0.0741717447	0.045282584199999996	0.0318473736	-0.0093293375	-0.0076773447	-0.1107490191	-0.00219102	0.00909175	0.019704	-0.00170418	-0.000640377	0.00105605
0.048032086342573166	-1.474616289138794	1.14405024	41.04620361	0.98810232	0.0388776	0.0021781089	0.1417883593	-0.0601161914	0.0699653742	-0.044696561600000004	0.029410224900000004	-0.0103141999	0.1481785987	-0.0818393413	0.0236897617	-0.0201512772	0.0242078034	-0.0098657969	-0.1100622363	-0.00644327	0.0190197	0.0166252	-0.00170418	-0.00038504	0.000879015
-0.0362105667591095	-0.1501820683479309	1.20987976	43.40803146	1.027758	0.091842427	-0.1404251592	-0.0948556435	-0.0725485948	0.010395021800000001	-0.038181285499999995	-0.0354277026	-0.14875791289999998	-0.0994532841	-0.0711420789	-0.0271083913	-0.0791152499	0.027693117200000002	-0.0120504457	-0.10920574539999998	-0.01625	-0.038963	0.000480753	-0.00162745	-0.00038504	0.000960456
-0.08145175129175186	0.4705778360366821	1.26458073	45.37059021	1.02012956	0.058243253	0.1380031037	-0.027084897599999998	0.040400933	0.0120069951	0.081800234	-0.0585603451	0.1271141013	-0.023623404700000003	0.0405003908	-0.0584547673	0.0289286973	-0.0344590243	-0.014230448799999998	-0.10818086730000001	-0.0170879	0.00609328	-0.00270677	-0.00163741	-0.000495877	0.00102289
-0.21943585574626925	0.31127792596817017	1.21534657	43.60417175	1.01866984	0.05601166	-0.062209239900000005	0.0702206628	0.021216845699999997	-0.0944394183	-0.0912733724	0.038066999500000004	-0.052843225199999996	0.0481322871	0.012617399	0.0555961224	0.023016811499999998	0.053991334	-0.0164049658	-0.10698918210000001	-0.0148992	-0.0177586	-0.0170034	-0.00146685	-0.00038504	0.000990798
0.056093212217092514	-0.7839961051940918	1.12769055	40.45924759	1.00022018	0.055632029999999985	0.0806449303	-0.055344942	-0.0425657061	-0.0463221958	0.036692218900000004	0.024511130099999997	0.0696988231	-0.0445549543	-0.0379265711	-0.0203010283	0.0874912671	-0.0368083682	-0.0185731583	-0.1056325273	-0.0247207	-0.00410725	0.00518128	-0.00144088	-0.000480409	0.000912647
-0.16102297604084015	-0.6054359078407288	1.18063211	42.35868454	1.04830718	0.05064002	0.040422040299999996	0.12102879890000001	-0.0951312954	0.0350890374	-0.017154933	0.055227602300000005	0.017243778300000002	0.13378200640000001	-0.09407965720000001	0.0062919598	0.0125565424	0.015228868100000001	-0.0207341905	-0.10411299480000001	-0.0209003	0.00191359	-0.0167028	-0.00170418	-0.00038504	0.000932272
0.4432414472103119	1.2660259008407593	1.17648399	42.20985794	1.05968642	0.04950908	-0.0716373546	0.021701325299999998	-0.0179602816	0.0005285755	-0.047163896600000005	-0.19012188230000002	-0.08758385140000001	0.034161827	0.0258823431	-0.1074540933	-0.09999615070000001	0.08097148059999999	-0.0228872294	-0.1024329276	-0.0247349	-0.0287188	-0.00683691	-0.00162072	-0.00038504	0.000952336
0.5168967247009277	1.022558569908142	1.10472274	39.63521194	0.98719877	0.08528969	-0.011638549	0.01560206	-0.016041949399999998	-0.2040143199	0.10243197890000001	0.0403240497	-0.0212269998	-0.0092343527	0.057058478899999994	-0.0524647438	0.22304619260000003	-0.0314428693	-0.025031444700000002	-0.1005949163	-0.0247584	0.0334262	-0.0133228	-0.00164442	-0.000580219	0.0008385089999999998
-0.010064408183097841	-0.33266422152519226	1.13909078	40.86826706	0.98763561	0.083111558	-0.0098205765	-0.0166449881	0.0109905104	0.1153708569	0.0889522291	0.1136283768	0.00022959290000000002	-0.0120694794	-0.0645673135	0.0250809436	0.0119222564	-0.20058092079999998	-0.02716601	-0.0986017949	-0.0247406	-0.0313171	-0.000265642	-0.00164301	-0.000563656	0.0007506159999999998
0.3716353178024292	-0.8567101955413818	1.05958939	38.01591873	0.96599501	0.070677782	-0.033094003999999996	0.0344964136	0.0487431715	0.0121202245	-0.2157178857	-0.0280434817	-0.0271052537	0.0255097311	-0.0220433994	0.1194032667	-0.044478736100000006	0.147693759	-0.0292901022	-0.0964566367	-0.0196434	0.00201474	0.0102615	-0.00170418	-0.000754524	0.00093301
0.08377938717603682	-0.6855047345161438	1.0386107	37.26324463	0.96195775	0.02762714	0.042233066500000006	-0.10643111779999999	-0.0665502559	0.039757147799999996	-0.029504536600000002	-0.001723081	0.0270467646	-0.0946386974	-0.0986132207	-0.0061169667	-0.0449271022	0.0111883014	-0.0314029026	-0.0941627493	-0.0216855	-0.0193123	0.0117094	-0.00170418	-0.0007824089999999998	0.000904693
-0.6148431301116943	0.7031995058059692	1.08448219	38.90901947	0.97542733	0.049251849999999986	0.0916772782	0.1162305384	-0.0042414498	0.0187312609	0.0061495848999999995	-0.0873113208	0.0838446653	0.1233548387	0.021960374900000003	-0.050017453899999995	-0.0415981641	0.0532476867	-0.033503596499999996	-0.0917236698	-0.0174336	0.0152845	0.0100508	-0.00183152	-0.0007870699999999998	0.0008618029999999999
-0.3287244737148285	1.6342011690139768	1.08609438	38.96686172	0.97318071	0.06533575	-0.10978021539999999	0.0159379752	0.0810040405	-0.0026485839000000002	0.0134940541	-0.0879510673	-0.11853445609999999	0.0147766834	0.0938246535	-0.0228491837	-0.0935777885	0.0072241862	-0.0355913742	-0.08914315910000001	-0.0127006	-0.0188447	0.0038981	-0.00170418	-0.00103308	0.0008287359999999998
0.06023844331502914	0.8096485137939453	1.0969826	39.35750961	0.96552807	0.05311053	0.0291359577	0.0164236135	0.0335344915	-0.23647544129999998	0.0392331909	0.0315123287	0.022117898100000002	0.0016578771	0.1023294174	0.0022465011999999998	0.201289574	0.045217866399999994	-0.037665430699999995	-0.08642519609999999	-0.016645199999999995	0.0136582	-0.00419863	-0.00177736	-0.00103308	0.000926882
-0.2781546115875244	-1.181255340576172	1.14152074	40.95544815	0.98698765	0.07779538000000001	-0.0310793314	-0.0313560294	-0.0044496194	0.0526588976	0.060714397999999996	0.1419371469	-0.0127139074	-0.02412561	-0.0567491216	0.0593942311	0.0243275269	-0.14039483349999998	-0.0397249664	-0.0835739716	-0.0163004	-0.0284584	0.0135654	-0.00190781	-0.0008204179999999998	0.000935169
0.10256856679916382	-1.3287144899368286	1.09976733	39.45742035	0.96653169	0.08347606000000002	0.0456411484	0.0996385015	-0.0138941767	0.11979375140000001	-0.1292327149	-0.046081066	0.034630076600000004	0.1115835177	-0.09049281349999999	0.0605477531	-0.11920730369999999	0.09200953070000001	-0.0417691875	-0.0805938822	-0.0109325	0.0197148	0.00321424	-0.00215013	-0.000913425	0.000991518
-0.725021243095398	0.3105696141719818	1.15920246	41.58983231	1.01084673	0.09230661	-0.1663098867	-0.006648293299999999	-0.1333856005	-0.001687806	0.0028627902	-0.0600423803	-0.174182979	-0.028779132599999997	-0.0810339207	-0.0713998595	-0.0204387904	0.0380821442	-0.043797305700000004	-0.0774895228	-0.021186	-0.0276867	0.0135819	-0.00181516	-0.0008679459999999998	0.000886288
0.2630017101764679	1.6982057094573977	1.18576789	42.54294586	1.00080872	0.07126927	0.0640953108	-0.07030613349999999	0.0634248917	0.0485223838	0.0766544057	-0.1045211707	0.0569669042	-0.0760921823	0.0788607034	-0.11336298410000001	-0.022584053700000002	-0.0116628934	-0.0458085392	-0.0742656803	-0.0277923	0.009558100000000003	-0.00357667	-0.00172449	-0.000842142	0.00079757
0.7655815482139587	0.6756551265716553	1.09801257	39.39446259	0.98294765	0.03631674000000001	-0.0482935151	0.0022862207	0.18385984660000002	0.025943034	-0.09062585810000001	-0.0233921921	-0.0276021713	-0.0113263405	0.1224585906	0.133460431	-0.0833091828	0.0633380651	-0.047802112699999996	-0.0709273254	-0.0326306	-0.0119604	-0.00358491	-0.00162696	-0.000788216	0.000749992
0.32757917046546936	-1.2317527532577517	1.10780609	39.74583435	0.99065298	0.03510182	0.0661073986	-0.0164616072	0.013747851799999999	-0.1345361661	-0.1270864942	0.043347669500000005	0.0703091557	-0.0046430201	-0.0005966671	0.13099956769999999	0.1189848442	0.13029788220000002	-0.0497772575	-0.0674796057	-0.0326505	0.0141743	-0.00358384	-0.00155854	-0.000703434	0.0007242709999999999
0.2504470944404602	-1.6270755529403689	1.16424119	41.77061462	0.990556	0.049987690000000015	-0.1185373375	0.0214505299	-0.11879422320000001	0.0934976791	-0.015516083	0.0784443878	-0.1107127215	0.031221895099999997	-0.1532519095	0.0436001466	0.0139304116	-0.0357666394	-0.051733212199999996	-0.0639278374	-0.0319026	0.0105572	0.0216984	-0.0017289	-0.000612871	0.000870157
-0.07991982251405716	0.030030775815248486	1.22722447	44.03032303	1.03782034	0.05302460000000001	0.0648043049	-0.17593449719999998	-0.0307837273	0.039964688	-0.05278021769999999	-0.147361469	0.0585023645	-0.1668836272	-0.0360234968	-0.07574333429999999	-0.0688763237	0.08936336060000001	-0.0536692229	-0.060277497	-0.0380794	0.00782055	-0.010049700000000002	-0.00182353	-0.000625247	0.000729902
-0.10950548946857452	1.2178378105163574	1.2418133	44.55374146	1.03026259	0.10106753	0.0585252313	0.108129603	-0.0474399504	-0.0329563629	0.1914481581	-0.0142222601	0.0584551049	0.1030328051	0.046088530700000005	-0.1520586675	0.0435390228	-0.0692719055	-0.055584543	-0.056534213	-0.0551101	-0.00901603	0.0375717	-0.00188963	-0.000490657	0.000539015
-0.16869321465492249	0.6777090430259705	1.13750529	40.81138229	0.97790414	0.07897878109999999	-0.10342576960000001	-0.0323440577	0.0465622801	-0.0076780201	0.0600900133	-0.021333206	-0.09369591070000001	-0.0326508042	0.0475659016	0.0043137588	-0.002228198	-0.0721591955	-0.0574784342	-0.0527037574	-0.0546745	0.0154679	1.43489e-05	-0.00196021	-0.000687175	0.000601955
0.10051872581243516	-0.02520047873258591	1.09423172	39.25881577	0.96605843	0.08658650109999999	0.060812025199999994	-0.0416003948	-0.012583048400000001	-0.0138070659	0.0840955973	0.0524372248	0.0641146242	-0.04521363019999999	-0.024805365	-0.016498411100000002	0.0689797563	-0.048803953600000005	-0.059350166399999994	-0.048792036399999995	-0.0546701	-0.0184381	0.0439144	-0.00187116	-0.000619628	0.000583031
-0.1775105446577072	-0.2307345122098923	1.01299047	36.34404373	0.93665105	0.05725118	0.008444456999999999	0.0756018441	0.0213465998	-0.0237127398	-0.0859567976	-0.0175005753	0.0071549374	0.0642622656	-0.0075765588	0.056160214699999995	-0.030790966099999997	0.0251612774	-0.0611990179	-0.044805081600000005	-0.0616316	-0.00446422	0.0128311	-0.0019622	-0.000620259	0.00059601
-0.08200466632843018	-1.0087478160858154	1.08778036	39.02735138	0.95866358	0.05963272999999999	-0.0026466296999999995	-0.0151185776	-0.1543188424	-0.1295028561	0.0618770779	0.1426343526	-0.0070814081000000004	-0.0085047429	-0.10586784119999999	-0.0059799274	0.209542488	-0.056259183399999996	-0.0630242761	-0.040749040699999996	-0.0734494	-0.0134782	0.0241265	-0.00174396	-0.000438449	0.000445949
-0.5595883727073669	-1.7729671001434326	1.17581153	42.1857338	1.00298905	0.051066000000000014	-0.0407417683	0.038941321099999995	-0.035618665099999995	0.21401971079999998	0.0509488897	0.0873069959	-0.0400581603	0.0481372908	-0.13172108800000001	0.0389913511	-0.0970472106	-0.209889427	-0.0648252372	-0.0366301676	-0.066115	-0.00144305	0.0199753	-0.0019517	-0.000625156	0.000602407
-0.4698808491230011	0.03486552834510803	1.16821337	41.91312408	1.04565835	0.02773237000000001	-0.045730747300000006	-0.1537122085	-0.142938822	-0.046726707699999995	-0.0047721937	-0.0935067815	-0.0530989202	-0.1353324561	-0.0844687048	-0.1341329121	0.0503182426	0.127730456	-0.0666012069	-0.0324548136	-0.0672813	-0.00860457	0.0237691	-0.00186571	-0.000702685	0.000751103
0.3810266554355621	1.8144389390945437	1.16889763	41.93767548	1.02867389	0.060169858	0.1570549143	-0.0161505335	0.0652184799	0.0601870567	0.0870191327	-0.1166066988	0.1533417132	-0.0160922379	0.0963814146	-0.109867834	-0.1274943242	-0.060964100599999994	-0.0683515007	-0.0282294165	-0.0684728	-0.0238973	-0.000459578	-0.00182385	-0.000490657	0.000615852
0.3454290330410004	1.3324155807495115	1.17614138	42.19756699	1.01102769	0.059825528	-0.0553294437	0.11205224009999999	0.1166368952	-0.12174322050000001	-0.007479059200000001	-0.041678855699999996	-0.0527367507	0.10906840599999999	0.15636174279999998	0.0042396927000000004	0.08128824009999999	0.0851490871	-0.07007544360000001	-0.0239604917	-0.0764851	0.0065664	0.0130797	-0.00192564	-0.000490657	0.000561437
1.1969773769378662	-0.2454328685998917	1.14666414	41.13998413	1.02727067	0.04298011	-0.0186667558	-0.1101717184	0.066415665	0.0800138317	-0.0269605832	0.0636629516	-0.0016739354999999998	-0.1128802564	0.0076810134	0.11712082929999999	-0.0645618927	-0.0617278141	-0.07177237110000001	-0.019654621599999998	-0.07346329999999998	-0.00305469	-0.00693732	-0.00184649	-0.000560607	0.000504133
0.9293546080589294	-0.9111109375953674	1.11957955	40.16824341	1.00048649	0.08004970999999998	0.07477431150000001	0.0399833826	0.012977184	-0.0897019374	-0.0788571983	0.0447308015	0.0785628529	0.0465313001	-0.0070538931999999995	0.0691675893	0.1111741321	0.0787909428	-0.07344162900000001	-0.0153184455	-0.07345469999999998	0.0196739	0.025665	-0.00150731	-0.000490657	0.000589207
0.4434395730495453	-1.2876349687576294	1.15735352	41.52349472	1.03827429	0.19889545	-0.091781141	0.0503678098	0.0100035627	0.0565882171	-0.0561405925	0.08749113929999999	-0.08451957019999999	0.028518003599999998	-0.0272122087	0.1089207242	-0.0418518198	-0.028264795699999998	-0.0750825737	-0.0109586494	-0.08704489999999998	-0.052207	-0.0119777	-0.000197958	-0.000490657	0.000382926
-0.10421249270439148	-0.15115851163864136	1.14131153	40.94794083	1.02981079	0.0931657	-0.10645569	-0.0594210396	-0.0753462416	-0.015682491899999998	-0.0368125604	-0.11798434890000001	-0.11361518599999999	-0.0579362791	-0.024760472000000002	-0.0757815031	-0.0326833621	0.0909505525	-0.07669457269999999	-0.0065819558999999995	-0.0990322	-0.023418	0.026744	-0.000272733	-0.000557557	0.000251247
0.08888860791921616	-0.11947941035032272	1.17389858	42.11709976	1.00824773	0.1404836	0.0905610169	-0.0570132379	0.0457407897	-0.0597881863	0.0238699286	-0.022344165299999996	0.0890654041	-0.06477159	0.0554023921	-0.0251223584	0.0372911829	-0.0058537753	-0.0782770044	-0.0021951135	-0.0820604	0.0257426	-0.0152362	0.000160428	-0.000741776	0.000221207
-1.3244556188583374	-0.6114514470100403	1.11416149	39.97385406	0.98181623	0.163129485	-0.0143964721	0.1260510301	-0.0411543958	-0.0022308289	-0.010026204399999999	-0.06456855389999999	-0.012211556699999999	0.12768248210000002	-0.0084349735	-0.0657370706	-0.0140954426	0.0212330079	-0.07982925889999999	0.0021951135	-0.0947706	-0.0504776	0.0376476	5.84473e-05	-0.000490657	0.000294413
-0.8439094424247742	-0.6065362691879272	1.08093631	38.78180313	0.97684467	0.196407915	-0.1052797523	-0.0716316077	-0.0120920022	0.0429066388	0.039615420400000004	0.018332269499999998	-0.1095242786	-0.0844856599	-0.0176947189	-0.021948387599999997	-0.0015356220000000002	-0.050426709199999996	-0.0813507377	0.0065819558999999995	-0.09138470000000001	0.0451792	-0.0383405	-0.000257258	-0.000490657	0.00040625
-0.3707790374755859	-0.2960180342197418	1.10765564	39.74043655	0.98901713	0.23985765	0.0735143564	-0.09061907720000001	-0.0444361404	0.0615098609	-0.0443442752	-0.0830247461	0.0809281867	-0.08079205730000001	-0.0359651847	-0.0936486257	-0.0570599232	0.0815156979	-0.0828408542	0.0109586494	-0.121767	-0.0663663	0.0220929	-0.000622096	-0.000200302	0.000311514
-1.3151291608810425	-0.04455134272575378	1.18409979	42.48310089	1.01555324	0.23315475	0.0532036287	0.1306673458	0.0786805178	0.0018113973	-0.0619846471	-0.0502072964	0.057097384400000006	0.1191957958	0.0769191467	0.025608621499999998	-0.0695853893	0.067203202	-0.08429903400000001	0.0153184455	-0.102806	0.067458	-0.0373459	-0.000671214	-0.000490657	0.000232374
-0.7741276621818542	0.02594611421227455	1.179932	42.33356857	1.02275026	0.1932732	-0.1474333116	-0.0342169638	-0.0707894419	-0.0170211111	-0.0085561197	-0.0754842338	-0.1593401091	-0.0271335969	-0.0297454242	-0.0489412137	0.026279859300000003	0.0736383092	-0.0857247149	0.019654621599999998	-0.117026	-0.0528288	0.0134933	-0.000541289	-0.000490657	0.000260993
-0.36007925868034363	0.9349140524864196	1.19207418	42.76920319	1.0198921	0.20146505000000003	0.1212545151	-0.06864779730000001	0.0430028078	0.0103510918	0.0031578172	-0.0784481252	0.1150841081	-0.0736620217	0.063441245	-0.0506454455	-0.0398013289	0.0186718393	-0.08711734730000001	0.0239604917	-0.0929593	0.06568830000000002	-0.0215751	-0.000935119	-0.000490657	0.00034342
0.15629452466964722	1.6191200017929075	1.10383248	39.60327148	0.98779953	0.19069765	0.0062974518	0.07653803	-0.10074075910000001	-0.1093919401	0.0751520587	-0.0699240413	-0.0047686113	0.0853797385	0.0057295141	-0.134237981	0.10824301880000001	0.0254381042	-0.0884763943	0.0282294165	-0.101453	-0.0680226	0.0119788	-0.00114125	-0.000490657	0.000436072
-0.09149181842803956	0.8094599843025208	1.06402576	38.17508698	0.97595471	0.2004282	0.0275606944	-0.0267415239	0.0384245837	0.0087852857	0.1953561327	0.10997172529999999	0.0380373595	-0.0203274544	0.0435625149	-0.044559721100000005	0.06809565599999999	-0.2334760758	-0.089801332	0.0324548136	-0.0937967	0.0658791	0.00521815	-0.0018021	-0.000794552	0.000513518
-0.021040871739387512	-0.4075181484222412	1.09118009	39.14933014	0.97104543	0.15090735	-0.0638988236	0.0630420088	-0.012052596	0.0970856012	-0.053683653899999996	0.0276598641	-0.066453927	0.0627653795	-0.0400067958	0.054892723399999996	-0.045154746100000004	-0.0451176945	-0.0910916496	0.0366301676	-0.109899	-0.0478954	0.0011154	-0.00167846	-0.000636657	0.000570539
-0.15078523755073547	0.3939973711967468	1.09372437	39.24061203	0.98166209	0.1741765	0.027471127799999998	-0.12169107	-0.0600155195	-0.0217844925	-0.0031464685999999997	-0.0501839033	0.0185400866	-0.1277736916	-0.0424009153	-0.0900871532	-0.0347777042	0.048679108	-0.0923468496	0.040749040699999996	-0.102038	0.0527361	0.0162838	-0.00217997	-0.0009648940000000002	0.000751104
-0.24210795760154724	1.6361867189407349	1.12079668	40.21191025	0.98382509	0.15908615	0.0800665143	0.1179986148	-0.0046553707000000005	0.027544423999999998	0.08774921720000001	-0.0446601041	0.0647603509	0.11720816070000001	0.0424433762	-0.1094454369	-0.025851947799999997	-0.0531072252	-0.0935664481	0.044805081600000005	-0.104605	-0.0245061	-0.0132607	-0.00160184	-0.0007356119999999999	0.000563867
-0.4784502387046814	1.491993069648743	1.12939715	40.52047729	0.98063695	0.10682196	-0.0223164962	-0.0545711818	0.17515896809999998	0.04328613	0.0550497667	0.021781825699999997	-0.0368541605	-0.064781714	0.1585328523	0.0342072677	-0.06611488160000001	-0.0447497087	-0.094749975	0.048792036399999995	-0.0920477	0.0225882	0.00942531	-0.00191716	-0.0008682349999999998	0.000522123
-0.2311499118804932	-0.4748325049877167	1.09984732	39.46029282	0.99235547	0.11001599	0.0430876459	0.1148955282	0.0746422065	0.0402516505	-0.076588958	0.0024480533	0.051582312699999994	0.1249526436	0.0471084372	0.1040359479	-0.0487886759	0.030316787	-0.0958969739	0.0527037574	-0.108663	-0.0161941	-0.00463778	-0.0015432899999999997	-0.000537873	0.000415249
-0.09545237571001053	-0.34732821583747864	1.15241158	41.34619141	0.99141741	0.15466324	-0.1297889537	-0.0772725868	-0.0279542545	0.0142560431	-0.011883713	0.0203917943	-0.1332800193	-0.06275289490000001	-0.0305337993	0.0124663713	-0.016787039	0.022450187400000002	-0.09700700279999999	0.056534213	-0.102039	0.0690113	0.00365876	-0.00205346	-0.0007825939999999998	0.000751104
-0.2491530328989029	0.536065936088562	1.09868538	39.41860199	0.9620173	0.09428263	0.11088428800000001	-0.071236698	0.0268909676	0.0803289944	0.012131543500000001	-0.0926579539	0.1182609201	-0.0714626366	0.037332741600000004	-0.0593215792	-0.0690286093	0.025744696	-0.0980796336	0.060277497	-0.102029	0.00508963	-0.0149595	-0.00198445	-0.000616951	0.0007511049999999999
0.31635406613349915	1.0229758024215698	1.0738728	38.52837753	0.94130355	0.05847838000000001	-0.0476894062	0.0220109544	0.15565072230000002	-0.0396589827	-0.0818156294	-0.1184795779	-0.0359711878	0.0195189046	0.1443579039	0.0299501134	-0.0534265387	0.1319066686	-0.09911445279999999	0.0639278374	-0.102038	0.0335936	0.00122466	-0.00196465	-0.000872776	0.0007511049999999999
0.2209724932909012	-0.7126180529594421	1.07401133	38.53334808	0.9734357	0.07725611	0.0656709657	-0.0401220188	0.0107479465	-0.1707767549	-0.026076361	0.0975773385	0.0711996709	-0.0436977444	0.0206147522	0.09664855369999999	0.16922060309999998	0.050231123600000004	-0.1001110615	0.0674796057	-0.113893	0.0149466	-0.0192639	-0.00171505	-0.000597065	0.0007511049999999999
-0.3010143041610718	-1.513641595840454	1.08246481	38.83664322	0.95473921	0.08605942999999999	-0.0897668193	-0.0129165644	-0.0438019433	0.0748922357	0.0048877249	0.098703305	-0.0778576317	-0.0062202297	-0.0978991808	0.053062335700000005	0.0291310511	-0.0680603607	-0.10106907550000001	0.0709273254	-0.10203400000000001	0.0401767	-0.00652122	-0.00215904	-0.0007888409999999998	0.0008398919999999999
-0.9492523074150084	-0.5305770039558411	1.11187661	39.89187622	0.96988708	0.05803495	0.1054440105	-0.1271975046	-0.0428503428	0.0173424451	-0.0887933226	-0.10415900980000001	0.1061329963	-0.1186869173	-0.0429342992	-0.0191391282	-0.0495993132	0.10098617359999999	-0.10198812550000001	0.0742656803	-0.102033	0.00232258	-0.012197	-0.00196646	-0.0008236419999999998	0.000902592
0.2274303287267685	0.841128945350647	1.19837546	42.99528122	1.00597787	0.05681477	0.04680885	0.1521867704	-0.0283677498	-0.0043698454999999995	0.09612881109999999	-0.0155927964	0.0392885402	0.14989057220000002	0.0182717999	-0.1007274728	0.014179946499999999	-0.0183382122	-0.10286785710000002	0.0774895228	-0.102019	0.0379417	-0.0242999	-0.00198729	-0.000860899	0.00102608
0.3076469004154205	1.0750175714492798	1.1458081	41.109272	0.98144263	0.06217736	-0.11351887050000001	-0.020618874199999998	0.0500717253	-0.0286997156	-0.0121412159	-0.0709526127	-0.0995602412	-0.028169690299999998	0.0641794512	-0.0118536615	-0.0200818044	0.016682638899999998	-0.1037079311	0.0805938822	-0.102011	-0.00265421	-0.0302677	-0.00189439	-0.000666166	0.00105056
0.5697482228279114	0.11536360532045364	1.10384095	39.60357285	0.96009892	0.09851281	0.057639619100000004	0.013815281499999998	-0.0101326579	-0.11833949390000001	0.09302267869999999	0.1018130734	0.049223516200000005	-0.0172813502	0.029278078399999997	-0.0092743776	0.1270853448	-0.06972531679999999	-0.1045080238	0.0835739716	-0.10490600000000001	0.0531978	-0.0191869	-0.00227017	-0.000837756	0.00102423
0.4651503562927246	-1.4370331764221191	1.11831117	40.12273788	0.97905052	0.10636719000000004	-0.0841755346	0.019358661200000002	-0.0068390387	0.1023834875	-0.0112238564	0.1308492789	-0.07676495	0.013570445300000001	-0.0774146508	0.08637599929999999	-0.013225230800000001	-0.15545783259999998	-0.1052678267	0.08642519609999999	-0.102018	-0.00847839	-0.0281738	-0.00180243	-0.000683436	0.000989968
0.9662348628044128	-1.3050428628921509	1.07260561	38.48291397	0.95548505	0.09768789	0.055472019500000004	-0.1020977393	-0.08005256	-0.0359159431	-0.075816961	-0.004657168	0.0489838649	-0.1037798492	-0.0909597099	-0.0021460963000000002	0.0201054391	0.0680745192	-0.1059870468	0.08914315910000001	-0.102019	0.0609979	-0.0192036	-0.00211849	-0.000670972	0.000933684
-0.2999535799026489	-0.23744454979896545	1.06144154	38.08237076	0.95298928	0.10202163	0.095650876	0.10696009990000001	-0.045733298	0.0553717339	-0.018968411299999998	0.0179503836	0.0874286633	0.1130049911	-0.047147168200000006	0.0014474288	-0.0468325345	-0.0310714356	-0.1066654069	0.0917236698	-0.102014	0.00103102	-0.0392452	-0.0022061	-0.000601985	0.00121725
-0.1415204554796219	0.9287559986114502	1.12227774	40.26504898	0.95415461	0.06045548000000001	-0.1343957033	0.0408982251	0.0457553187	-0.020941101599999998	0.0145842718	-0.0070854248	-0.1313892046	0.048058559400000006	0.0494525947	0.0184057479	0.0197189513	0.017731984	-0.1073026454	0.0941627493	-0.102025	0.0407554	-0.0392302	-0.00231439	-0.000723207	0.00140184
0.27954694628715515	0.747849702835083	1.07315004	38.50244522	0.93800163	0.09473835	0.0244712818	-0.07250534230000001	0.0830629253	0.0163558005	0.0678901387	0.0791486481	0.0246428011	-0.0805541571	0.0677985086	0.037252509700000005	0.0033123134999999996	-0.09287829380000001	-0.1078985167	0.0964566367	-0.102019	0.0037269	-0.0642115	-0.00185418	-0.000617126	0.00131368
-0.585274338722229	-0.8697021603584291	1.05451822	37.83397293	0.94967884	0.1195668	-0.0189527304	0.0133741732	0.1651450209	0.0728820629	-0.1561792777	0.0269564331	-0.0132698482	-5.82805e-05	0.06382643610000001	0.2011383231	-0.12292681039999999	0.0696336595	-0.10845279109999999	0.0986017949	-0.105618	0.0613697	-0.0373741	-0.00234074	-0.000672158	0.00140184
-0.17626136541366574	-1.759806513786316	1.07157135	38.4458046	0.9536885	0.06445654999999999	0.08845863710000001	-0.1190549946	-0.044800216600000005	-0.053924439500000004	-0.1246747501	0.060119671799999996	0.1023972823	-0.09730217599999999	-0.07931176690000001	0.11915737109999999	0.05616863230000001	0.104332195	-0.1089652549	0.1005949163	-0.10661	0.0349601	-0.0601521	-0.00211483	-0.000674267	0.00134432
-0.2800047397613525	-0.2849206328392029	1.13184905	40.60844803	0.98933971	0.07934125	0.0856974091	0.1380062861	-0.0845057532	0.0554411604	0.014647068899999999	-0.0325912232	0.0620396353	0.14166845150000001	-0.0731271986	-0.0754560479	-0.0690337536	0.01566669	-0.1094357105	0.1024329276	-0.108055	0.0258004	-0.0153466	-0.00241512	-0.000553456	0.00140184
-0.5446978211402893	1.1487054824829102	1.14122689	40.94490433	0.97881389	0.0633332	-0.1268105931	0.004322500999999999	-0.025734508599999997	-0.0800416982	0.0060177479	-0.1348895161	-0.1311445805	0.0111559008	0.0371486982	-0.0850350623	-0.0043701839000000004	0.057936272999999996	-0.1098639765	0.10411299480000001	-0.102017	0.0245454	-0.07091450000000002	-0.00241512	-0.000562902	0.00140184
0.963924527168274	1.215510368347168	1.08433139	38.90361023	0.95884514	0.058675100000000036	0.0403422285	-0.020717044599999998	0.0116180217	-0.1093859065	0.15766341679999998	0.0130387892	0.0478855495	-0.0316706478	0.07565802099999999	-0.0872298838	0.1214179006	-0.0798261991	-0.1102498879	0.1056325273	-0.102016	0.0421812	-0.0445208	-0.00222239	-0.000663064	0.00140184
0.9955265522003174	-0.5540801286697388	1.08566999	38.95163727	0.98052025	0.053712450000000016	-0.0997305617	-0.0093992686	0.018960034299999998	0.0543434759	0.0707622471	0.1648936007	-0.0763214835	-0.0154534586	-0.029815203999999998	0.10422402970000001	0.0264008537	-0.2108240005	-0.1105932959	0.10698918210000001	-0.102027	0.0421659	-0.0819796	-0.00203501	-0.0007499409999999998	0.00145213
0.1622604876756668	-0.3085033297538757	1.16711652	41.87377167	0.97928542	0.09004490000000001	0.1093449796	-0.1017521705	-0.0464475274	-0.0099498973	-0.0806210525	-0.0166662825	0.10547974759999999	-0.09606715519999999	-0.0816539042	-0.0069011648	-0.021787689300000003	0.0659995369	-0.11089406800000001	0.10818086730000001	-0.102033	0.042167	-0.0231147	-0.00241512	-0.000727173	0.0012315500000000003
0.6458584070205688	0.3637397587299347	1.15174699	41.32234573	0.97061908	0.09773265	0.0403196939	0.12142208759999999	-0.0433775017	-0.0149135526	0.0727146604	0.0635571477	0.0476055076	0.1175957419	-0.0079014468	-0.011914869199999999	0.0235047552	-0.0686163717	-0.1111520884	0.10920574539999998	-0.0991634	0.0421464	-0.0787009	-0.00192458	-0.0008514679999999998	0.00140184
-0.2825614809989929	0.21243545413017276	1.06203938	38.10381699	0.95116675	0.07433290000000001	-0.0252884136	-0.0393227996	0.0955679834	0.0812148557	0.0105549142	0.0269970246	-0.023940428700000002	-0.0453881585	0.05323539150000001	0.0366073124	-0.050029782	-0.046645191100000004	-0.1113672575	0.1100622363	-0.102024	0.0421929	-0.0336251	-0.00241513	-0.000887918	0.00140184
0.2378101199865341	-0.5934709310531616	1.09619927	39.32940674	0.97089106	0.07447390000000001	0.0351481349	0.0279211642	0.0237759079	-0.1323352166	-0.0010253066000000001	0.09646614519999999	0.0489348417	0.0222505228	0.043681829299999995	0.058527242699999996	0.0770022128	-0.0013983199	-0.1115394925	0.1107490191	-0.102024	0.0548089	-0.08755	-0.00225647	-0.000887918	0.00140184
-0.4454925954341888	-1.5288938283920288	1.10965657	39.81222534	0.97591692	0.13642865	0.0057268092	-0.0155875402	-0.0174018654	0.013433437900000001	0.024984051400000002	0.0938166577	0.0052580883999999994	-0.0076374913	-0.0570295988	0.0213905834	0.07083891610000001	-0.033596721499999996	-0.11166872679999999	0.111265035	-0.115033	0.0180928	-0.0212515	-0.00241513	-0.000807077	0.00157044
-1.0124317407608032	-1.5855631828308103	1.22155082	43.82676697	1.14696646	0.2010319	-0.0004221655	0.087345874	-0.0385887235	0.1115201335	-0.1180033878	-0.0364429676	-0.0092514857	0.099466895	-0.08396729439999999	0.036794089	-0.163558371	0.0325862869	-0.1117549107	0.11160948820000001	-0.0975369	0.0665924	-0.0811594	-0.00120149	-0.000606151	0.00165844
-0.6342415809631348	1.1805520057678225	1.20494223	43.23088455	1.13975143	0.2441978	-0.1312342107	0.0104863234	-0.1045108276	-0.0425266693	0.050035900700000004	-0.1401038411	-0.1483167154	0.0269929779	-0.0166262457	-0.1454975258	0.0310678754	0.0980029967	-0.111798011	0.11178184769999999	-0.0834	-0.0229763	-0.129002	0.000414824	-0.000477723	0.00176669
